,precision,recall,f1-score,support
0,0.9375,0.9493670886075949,0.9433962264150944,158.0
1,0.9428571428571428,0.9295774647887324,0.9361702127659575,142.0
accuracy,0.94,0.94,0.94,0.94
macro avg,0.9401785714285714,0.9394722766981636,0.9397832195905259,300.0
weighted avg,0.9400357142857142,0.94,0.9399759132878363,300.0
